name,email,dept_id
Jane Wilson,jane.wilson0@company.com,1
Jordan Doe,jordan.doe1@test.org,1
Chris Hall,chris.hall2@test.org,2
Jane Walker,jane.walker3@mail.com,2
Chris Walker,chris.walker4@test.org,2
Alex Doe,,2
Jordan Brown,jordan.brown6@example.com,1
Alex Wilson,alex.wilson7@test.org,2
Sam Lee,,2
John Smith,,1
Morgan Walker,morgan.walker10@example.com,2
Pat Brown,pat.brown11@company.com,1
John Young,john.young12@example.com,2
Jane Lee,jane.lee13@test.org,2
Pat Smith,pat.smith14@example.com,1
Jane Smith,,1
Taylor Allen,taylor.allen16@example.com,1
Jordan Young,jordan.young17@test.org,2
Jordan Young,,1
Jordan Smith,jordan.smith19@test.org,1
Pat Brown,pat.brown20@example.com,2
Jane Brown,,1
Jordan Wilson,jordan.wilson22@test.org,1
Pat Lee,pat.lee23@mail.com,1
Pat Doe,pat.doe24@mail.com,1
Chris Walker,chris.walker25@company.com,1
Taylor Brown,taylor.brown26@test.org,2
Jane Brown,,2
Chris Lee,chris.lee28@test.org,1
Jane Young,,1
John King,john.king30@company.com,2
Alex Allen,alex.allen31@example.com,1
Jordan Walker,jordan.walker32@test.org,1
John Doe,john.doe33@example.com,1
Pat Hall,pat.hall34@company.com,1
Alex Wilson,alex.wilson35@test.org,1
Pat Doe,pat.doe36@company.com,1
Chris Doe,chris.doe37@mail.com,2
Sam Smith,sam.smith38@mail.com,1
Morgan King,morgan.king39@test.org,1
Jane Walker,jane.walker40@company.com,2
Jordan King,jordan.king41@example.com,1
Chris Young,chris.young42@mail.com,2
Jane Young,jane.young43@mail.com,2
John Wilson,john.wilson44@test.org,2
Jane Walker,jane.walker45@company.com,2
Pat Hall,pat.hall46@test.org,2
Sam Wilson,sam.wilson47@company.com,2
John Hall,,1
Taylor Walker,,1
Casey Smith,casey.smith50@mail.com,1
Alex King,alex.king51@test.org,2
Morgan Doe,morgan.doe52@company.com,1
John Allen,john.allen53@company.com,2
Morgan Young,morgan.young54@test.org,2
Jordan Lee,jordan.lee55@mail.com,1
Alex Allen,alex.allen56@mail.com,2
Taylor Walker,taylor.walker57@test.org,2
Sam King,sam.king58@example.com,2
John Wilson,john.wilson59@example.com,2
Morgan Smith,morgan.smith60@example.com,2
Pat Lee,pat.lee61@mail.com,2
Sam Smith,,2
John Brown,john.brown63@test.org,2
Alex Young,alex.young64@example.com,2
Casey Wilson,casey.wilson65@example.com,2
John Smith,john.smith66@company.com,2
Chris King,chris.king67@test.org,1
Taylor Smith,,2
Alex King,,1
Taylor Young,,1
Jordan Lee,jordan.lee71@example.com,2
John Young,,2
Taylor Lee,taylor.lee73@company.com,1
Alex Smith,alex.smith74@mail.com,2
Jane Brown,,1
Jane King,,2
John Brown,john.brown77@test.org,2
Jane Lee,,1
Morgan Allen,morgan.allen79@mail.com,2
John Doe,john.doe80@company.com,2
Sam Lee,sam.lee81@example.com,1
Casey Wilson,casey.wilson82@example.com,1
Jane Doe,jane.doe83@test.org,1
Chris Brown,,2
Morgan Smith,morgan.smith85@example.com,2
Taylor Hall,taylor.hall86@mail.com,2
Jordan Allen,jordan.allen87@mail.com,2
Chris Lee,chris.lee88@mail.com,2
Alex Lee,alex.lee89@test.org,1
Alex Lee,alex.lee90@test.org,1
Alex Wilson,alex.wilson91@test.org,2
Morgan Young,morgan.young92@company.com,1
Chris Hall,,1
Alex Wilson,alex.wilson94@example.com,1
Sam Doe,sam.doe95@test.org,2
Pat Wilson,pat.wilson96@mail.com,2
Jordan Allen,jordan.allen97@company.com,2
Taylor Allen,taylor.allen98@example.com,1
Casey Doe,,2
Jane Smith,jane.smith100@company.com,2
Chris Brown,chris.brown101@company.com,2
Chris Young,chris.young102@example.com,1
Taylor Allen,taylor.allen103@company.com,1
Casey Walker,casey.walker104@company.com,1
Casey Young,casey.young105@example.com,1
Jordan Young,jordan.young106@example.com,2
Jordan Allen,jordan.allen107@test.org,1
Sam Hall,sam.hall108@example.com,2
Casey Allen,casey.allen109@mail.com,1
Jordan Brown,jordan.brown110@test.org,2
Sam Walker,sam.walker111@mail.com,1
Alex Lee,alex.lee112@test.org,2
Jane King,jane.king113@example.com,1
Jane Hall,jane.hall114@mail.com,2
Jane Allen,jane.allen115@mail.com,2
Taylor Young,taylor.young116@company.com,1
Pat Wilson,pat.wilson117@example.com,2
Taylor Hall,taylor.hall118@company.com,1
Alex Wilson,alex.wilson119@example.com,1
Jane Doe,,2
Taylor Young,taylor.young121@company.com,1
Sam Brown,sam.brown122@company.com,1
Casey Smith,,2
Chris Smith,chris.smith124@example.com,1
John Hall,,1
Jordan Walker,,2
Casey Doe,casey.doe127@company.com,1
Jane Walker,jane.walker128@mail.com,2
Casey Lee,casey.lee129@mail.com,2
Pat King,pat.king130@company.com,2
Morgan Wilson,morgan.wilson131@test.org,2
Pat Allen,pat.allen132@company.com,1
Taylor Walker,taylor.walker133@mail.com,2
Jane Brown,jane.brown134@example.com,2
Morgan Young,morgan.young135@example.com,1
Pat Wilson,pat.wilson136@mail.com,2
Jordan Allen,jordan.allen137@company.com,1
Jane Allen,jane.allen138@mail.com,2
Jordan Smith,jordan.smith139@example.com,2
Alex Smith,alex.smith140@company.com,1
Pat King,pat.king141@company.com,1
Pat Walker,pat.walker142@mail.com,2
Pat Young,,1
Casey Walker,casey.walker144@mail.com,2
Chris Smith,chris.smith145@mail.com,2
Jordan Doe,jordan.doe146@mail.com,1
Casey King,casey.king147@company.com,2
Taylor Hall,taylor.hall148@company.com,2
Morgan Young,,2
Pat Lee,pat.lee150@company.com,1
Sam Brown,,2
Taylor Smith,taylor.smith152@mail.com,1
Taylor Young,,1
Chris Walker,chris.walker154@mail.com,1
Pat Smith,,1
Chris Brown,chris.brown156@test.org,1
Jane Wilson,jane.wilson157@company.com,2
Casey Brown,casey.brown158@test.org,2
Casey Brown,casey.brown159@mail.com,2
Morgan Walker,morgan.walker160@example.com,2
Jane Allen,jane.allen161@example.com,2
Pat Allen,pat.allen162@example.com,1
Sam Hall,sam.hall163@company.com,1
Casey Walker,casey.walker164@company.com,2
Morgan Wilson,,2
Casey Smith,,1
Taylor Doe,taylor.doe167@company.com,2
Chris Doe,,2
Taylor King,taylor.king169@company.com,2
Sam Walker,,2
Casey Allen,casey.allen171@example.com,1
Sam Hall,sam.hall172@mail.com,1
John Lee,john.lee173@mail.com,2
Taylor Brown,taylor.brown174@example.com,2
Chris Brown,chris.brown175@test.org,2
Pat Smith,pat.smith176@mail.com,2
John Wilson,john.wilson177@company.com,1
Sam Doe,,2
Jordan Lee,jordan.lee179@mail.com,1
Chris Allen,chris.allen180@company.com,1
Jane Walker,jane.walker181@mail.com,1
John Lee,john.lee182@test.org,2
Jordan Smith,jordan.smith183@example.com,1
Alex Young,alex.young184@test.org,2
Pat Allen,pat.allen185@example.com,1
Jane Lee,jane.lee186@test.org,2
Pat Hall,pat.hall187@company.com,2
Jane Brown,jane.brown188@example.com,1
Alex Hall,alex.hall189@mail.com,1
Casey Young,casey.young190@example.com,2
Morgan King,,2
Jane Doe,jane.doe192@mail.com,2
Pat Lee,,2
Jane Lee,,1
Morgan Hall,morgan.hall195@mail.com,1
Jordan Walker,jordan.walker196@example.com,2
Sam Doe,sam.doe197@test.org,2
Pat Hall,pat.hall198@example.com,2
Jordan Doe,jordan.doe199@example.com,1
Taylor Smith,taylor.smith200@test.org,2
Jane Doe,jane.doe201@example.com,1
Jordan Wilson,,1
Sam Doe,sam.doe203@test.org,1
Pat Walker,pat.walker204@example.com,2
John Wilson,john.wilson205@company.com,2
Chris Walker,chris.walker206@example.com,2
Alex Hall,alex.hall207@mail.com,1
Jordan Young,jordan.young208@company.com,1
Casey Brown,casey.brown209@example.com,1
Jane Lee,jane.lee210@mail.com,2
Sam Lee,sam.lee211@example.com,1
Taylor Lee,taylor.lee212@mail.com,2
Pat Allen,pat.allen213@company.com,1
Pat Hall,pat.hall214@example.com,1
Taylor Wilson,,2
Jordan Hall,,1
Jordan Doe,jordan.doe217@mail.com,1
John King,john.king218@example.com,1
Jordan Wilson,jordan.wilson219@mail.com,1
John Lee,john.lee220@test.org,1
Morgan Doe,morgan.doe221@company.com,1
Sam Lee,sam.lee222@company.com,1
Jordan Allen,jordan.allen223@example.com,1
Jane Wilson,jane.wilson224@mail.com,1
Taylor Brown,taylor.brown225@example.com,1
Jordan Brown,jordan.brown226@test.org,2
Jane Lee,jane.lee227@company.com,1
Morgan Doe,morgan.doe228@example.com,2
Jane King,jane.king229@mail.com,2
Taylor Hall,taylor.hall230@test.org,2
John Walker,john.walker231@mail.com,1
Sam Young,,1
Taylor Hall,taylor.hall233@test.org,1
Morgan Allen,,2
Alex Wilson,alex.wilson235@example.com,2
Casey Wilson,,2
Jordan King,jordan.king237@company.com,2
Chris Young,,1
Casey Smith,casey.smith239@mail.com,2
Morgan Brown,morgan.brown240@example.com,1
Taylor Doe,taylor.doe241@example.com,1
Jane Smith,jane.smith242@test.org,1
Chris Smith,chris.smith243@example.com,1
Taylor Smith,taylor.smith244@mail.com,2
Morgan King,morgan.king245@test.org,1
Alex Allen,alex.allen246@test.org,2
Chris Walker,chris.walker247@mail.com,1
Jordan Hall,jordan.hall248@company.com,2
Taylor Smith,taylor.smith249@company.com,1
Casey Smith,casey.smith250@example.com,2
Alex Young,alex.young251@mail.com,1
Sam Young,sam.young252@example.com,2
Chris Wilson,chris.wilson253@test.org,2
Sam Wilson,,1
Taylor Brown,taylor.brown255@test.org,2
Taylor King,taylor.king256@company.com,1
Pat Lee,pat.lee257@company.com,1
Pat King,pat.king258@company.com,2
Chris Young,chris.young259@test.org,1
Jane Smith,jane.smith260@example.com,1
Casey Doe,casey.doe261@test.org,2
Sam Smith,sam.smith262@example.com,2
Jordan Walker,jordan.walker263@example.com,2
Morgan Walker,morgan.walker264@example.com,1
Casey Young,casey.young265@test.org,1
Jane Lee,jane.lee266@company.com,1
Alex Doe,alex.doe267@test.org,1
Chris King,,2
Chris Lee,chris.lee269@mail.com,2
Jane Wilson,jane.wilson270@example.com,1
Morgan Brown,morgan.brown271@test.org,1
Taylor Young,taylor.young272@company.com,1
Sam Allen,sam.allen273@example.com,1
Sam Young,sam.young274@mail.com,1
Alex Hall,alex.hall275@company.com,2
Taylor Wilson,taylor.wilson276@company.com,1
Casey Smith,,2
Jane Doe,,1
Pat Smith,pat.smith279@company.com,2
Taylor Walker,taylor.walker280@company.com,1
John Brown,john.brown281@example.com,2
Casey Wilson,casey.wilson282@company.com,1
Sam Young,sam.young283@example.com,1
Jordan Lee,jordan.lee284@test.org,2
Jordan Wilson,jordan.wilson285@company.com,1
Casey Lee,casey.lee286@mail.com,1
Pat Smith,pat.smith287@mail.com,1
Casey Smith,casey.smith288@test.org,2
Chris Young,chris.young289@example.com,2
Chris Hall,,2
Alex Lee,alex.lee291@mail.com,1
Casey Brown,,1
Morgan Young,morgan.young293@example.com,2
Alex King,alex.king294@example.com,1
Taylor Young,taylor.young295@example.com,2
Pat Lee,pat.lee296@example.com,2
Morgan Wilson,morgan.wilson297@example.com,2
Jordan Lee,jordan.lee298@company.com,2
Chris Allen,chris.allen299@company.com,2
Alex Walker,alex.walker300@example.com,1
Taylor Doe,taylor.doe301@example.com,2
Taylor Brown,,1
Pat Doe,,1
Chris Walker,chris.walker304@example.com,2
Alex Allen,alex.allen305@company.com,1
Sam Young,,1
Sam Allen,sam.allen307@test.org,2
Jordan Wilson,jordan.wilson308@mail.com,2
Morgan Doe,,2
Morgan Smith,morgan.smith310@example.com,2
Alex Smith,alex.smith311@mail.com,1
Alex Allen,alex.allen312@example.com,2
Sam King,,2
Jane Brown,jane.brown314@example.com,2
Jordan Doe,jordan.doe315@test.org,1
Jordan Young,jordan.young316@test.org,1
Chris Lee,chris.lee317@test.org,2
Chris Lee,,2
Casey Smith,casey.smith319@example.com,1
Alex Smith,alex.smith320@example.com,2
Taylor Smith,taylor.smith321@test.org,1
Morgan Hall,,2
Jordan Young,jordan.young323@mail.com,2
Casey Wilson,casey.wilson324@mail.com,2
Jane Brown,jane.brown325@mail.com,1
Pat Smith,pat.smith326@mail.com,2
John Lee,john.lee327@company.com,2
Jordan Wilson,jordan.wilson328@company.com,2
Pat Wilson,pat.wilson329@company.com,2
Morgan Smith,,1
Taylor Lee,,2
Casey Smith,casey.smith332@company.com,2
Chris Smith,chris.smith333@company.com,2
Casey Allen,casey.allen334@test.org,1
Sam King,sam.king335@test.org,1
Chris Hall,,2
Alex Smith,alex.smith337@mail.com,1
Alex Walker,,2
Casey Young,casey.young339@mail.com,2
Morgan Hall,morgan.hall340@example.com,1
Taylor Smith,,1
Pat Young,,1
Alex Hall,alex.hall343@example.com,1
Morgan Young,,1
Alex Doe,,2
Casey Young,casey.young346@test.org,1
Alex Doe,alex.doe347@example.com,2
Jane Allen,jane.allen348@example.com,1
Jordan King,jordan.king349@example.com,2
Taylor Smith,taylor.smith350@example.com,2
Alex Young,alex.young351@mail.com,2
Jane Allen,jane.allen352@mail.com,1
Morgan King,,2
John Brown,,1
Morgan Lee,,2
Sam Hall,sam.hall356@company.com,2
Alex Hall,,1
Jordan Hall,,2
Jordan Lee,jordan.lee359@example.com,1
Casey Hall,,1
Pat Wilson,pat.wilson361@example.com,2
Casey Allen,,1
Jane Wilson,jane.wilson363@example.com,1
Taylor Hall,taylor.hall364@mail.com,1
John Doe,john.doe365@company.com,2
Sam Smith,sam.smith366@company.com,1
Morgan Wilson,morgan.wilson367@company.com,2
Pat Lee,,2
John Smith,john.smith369@test.org,1
Jordan Allen,,2
Sam Doe,sam.doe371@mail.com,2
Sam Walker,,1
Alex Wilson,,1
Jordan Brown,jordan.brown374@mail.com,2
Jane Young,jane.young375@example.com,1
Sam Young,sam.young376@example.com,2
Jordan Brown,jordan.brown377@company.com,1
Jane Doe,,2
John Hall,john.hall379@mail.com,2
Casey Allen,,2
Chris Doe,,2
John Doe,john.doe382@example.com,2
John Hall,,2
Morgan Brown,morgan.brown384@mail.com,2
Pat Allen,pat.allen385@company.com,2
Alex Lee,,2
Chris Lee,chris.lee387@example.com,2
Taylor Doe,taylor.doe388@mail.com,1
Jordan Young,jordan.young389@mail.com,2
Jane Brown,jane.brown390@test.org,1
Pat Young,pat.young391@test.org,1
Chris Lee,chris.lee392@mail.com,2
Jordan King,jordan.king393@example.com,1
Morgan Allen,,1
John Wilson,,1
Sam Wilson,sam.wilson396@company.com,2
Taylor Doe,taylor.doe397@example.com,2
Morgan Walker,morgan.walker398@test.org,1
Casey Smith,casey.smith399@mail.com,2
Pat Brown,pat.brown400@company.com,1
Chris Allen,chris.allen401@test.org,2
Taylor Doe,taylor.doe402@example.com,2
Jordan Walker,jordan.walker403@mail.com,1
Chris Wilson,chris.wilson404@example.com,2
Morgan Young,morgan.young405@mail.com,1
Casey King,casey.king406@test.org,1
Pat Allen,pat.allen407@example.com,1
Pat Lee,pat.lee408@example.com,1
Morgan King,morgan.king409@example.com,1
Chris Brown,chris.brown410@test.org,2
Taylor Smith,taylor.smith411@test.org,2
Morgan Wilson,morgan.wilson412@test.org,1
Alex King,alex.king413@test.org,1
Jordan Brown,jordan.brown414@example.com,1
Casey King,,1
Pat Brown,pat.brown416@mail.com,2
Alex Doe,alex.doe417@mail.com,1
Jane Smith,jane.smith418@test.org,2
Jane Brown,jane.brown419@example.com,2
Sam Brown,,2
Sam King,sam.king421@test.org,1
Alex Smith,alex.smith422@company.com,2
Chris King,chris.king423@example.com,1
Casey Young,casey.young424@company.com,2
Morgan Doe,,2
Morgan Walker,,1
Morgan Smith,morgan.smith427@test.org,2
Alex Smith,alex.smith428@company.com,1
Sam King,sam.king429@mail.com,2
Alex Walker,alex.walker430@mail.com,1
Alex Smith,alex.smith431@mail.com,1
Jordan Doe,jordan.doe432@example.com,1
Taylor Doe,taylor.doe433@company.com,1
Taylor Walker,,2
Morgan Hall,,1
Taylor Smith,taylor.smith436@mail.com,2
Chris Lee,chris.lee437@test.org,1
Chris Doe,chris.doe438@example.com,2
Morgan Wilson,,2
John Smith,john.smith440@mail.com,2
Chris Doe,,2
Alex Young,alex.young442@company.com,1
Taylor King,,2
Casey Young,casey.young444@example.com,1
Pat Hall,pat.hall445@test.org,1
Jane Wilson,jane.wilson446@mail.com,1
Morgan Young,,2
John Lee,,1
John Doe,john.doe449@company.com,1
John Doe,john.doe450@example.com,1
Taylor Wilson,taylor.wilson451@company.com,2
John King,john.king452@test.org,2
Morgan Lee,morgan.lee453@test.org,1
Jordan Smith,jordan.smith454@test.org,1
Jane Walker,jane.walker455@test.org,1
Jane Wilson,jane.wilson456@company.com,1
Morgan Young,morgan.young457@example.com,1
Pat Doe,pat.doe458@mail.com,1
Taylor Smith,taylor.smith459@test.org,1
Pat Wilson,pat.wilson460@mail.com,1
Sam Walker,,1
Jordan Hall,,1
Morgan Hall,morgan.hall463@company.com,1
Pat King,,1
Jane Lee,jane.lee465@company.com,2
Alex Hall,alex.hall466@mail.com,1
Alex Allen,alex.allen467@company.com,1
John King,john.king468@company.com,1
Casey Allen,casey.allen469@example.com,1
Jane Wilson,jane.wilson470@test.org,2
Pat Brown,pat.brown471@test.org,2
Casey Walker,casey.walker472@example.com,1
John Brown,john.brown473@mail.com,1
Jordan Walker,jordan.walker474@company.com,1
Pat Hall,,1
Casey Young,casey.young476@mail.com,2
Sam Lee,sam.lee477@company.com,2
Pat Walker,pat.walker478@mail.com,2
Alex Hall,alex.hall479@example.com,1
Jane King,jane.king480@test.org,1
Jordan Brown,jordan.brown481@mail.com,1
Alex Hall,alex.hall482@test.org,2
John Walker,,2
Jane Brown,jane.brown484@test.org,1
Jordan Hall,jordan.hall485@company.com,2
Taylor Allen,taylor.allen486@company.com,2
Morgan Walker,morgan.walker487@example.com,2
Taylor Young,taylor.young488@example.com,1
Chris Wilson,chris.wilson489@mail.com,1
Jordan Smith,jordan.smith490@company.com,2
Casey Hall,casey.hall491@mail.com,2
Jordan Wilson,jordan.wilson492@mail.com,2
Alex King,alex.king493@company.com,2
Morgan Wilson,morgan.wilson494@test.org,1
Casey Wilson,casey.wilson495@example.com,1
Chris Lee,chris.lee496@mail.com,1
John Smith,,1
Morgan Lee,morgan.lee498@example.com,1
Casey Brown,casey.brown499@company.com,1
Jane Smith,jane.smith500@example.com,1
Taylor Lee,taylor.lee501@company.com,1
Morgan King,morgan.king502@company.com,2
Chris Wilson,chris.wilson503@mail.com,1
Sam King,sam.king504@mail.com,2
Taylor King,taylor.king505@company.com,1
Pat Allen,pat.allen506@company.com,2
Chris Doe,chris.doe507@example.com,1
Chris Lee,chris.lee508@test.org,1
Morgan Allen,,1
Sam Smith,sam.smith510@company.com,2
Jordan Wilson,jordan.wilson511@mail.com,2
Taylor King,taylor.king512@example.com,1
Taylor King,taylor.king513@example.com,2
Pat Smith,pat.smith514@test.org,2
Morgan Walker,morgan.walker515@mail.com,2
John Walker,,2
Pat Walker,,2
Jane Lee,jane.lee518@example.com,2
Morgan Wilson,morgan.wilson519@mail.com,2
Chris Lee,chris.lee520@mail.com,1
Alex Hall,alex.hall521@test.org,2
Alex Hall,alex.hall522@test.org,2
Casey Hall,casey.hall523@test.org,2
Alex Allen,alex.allen524@mail.com,2
Taylor Smith,,2
Jane King,jane.king526@test.org,2
Jane Walker,jane.walker527@company.com,1
Jane Wilson,jane.wilson528@test.org,1
Jane Brown,jane.brown529@mail.com,1
Morgan Wilson,morgan.wilson530@mail.com,2
Sam Doe,sam.doe531@company.com,2
Pat Wilson,,2
Sam Walker,,2
Alex Hall,alex.hall534@example.com,2
Jane Wilson,jane.wilson535@company.com,1
Sam Lee,sam.lee536@company.com,1
Morgan King,morgan.king537@example.com,2
Alex Doe,,1
Casey Brown,casey.brown539@mail.com,1
Pat Allen,pat.allen540@example.com,2
Jane Hall,jane.hall541@mail.com,2
Jordan Young,jordan.young542@mail.com,2
Morgan Lee,morgan.lee543@company.com,2
Jordan Hall,jordan.hall544@example.com,1
Morgan Smith,morgan.smith545@mail.com,1
Chris Lee,chris.lee546@company.com,1
Pat King,pat.king547@test.org,1
Pat Young,pat.young548@mail.com,2
Pat Doe,pat.doe549@mail.com,2
Jordan Brown,jordan.brown550@mail.com,2
Alex King,,1
Casey Lee,casey.lee552@company.com,2
John Young,john.young553@example.com,1
Pat Hall,pat.hall554@mail.com,1
Morgan Doe,morgan.doe555@example.com,2
John Allen,,2
Casey Brown,casey.brown557@company.com,1
Pat Wilson,pat.wilson558@mail.com,1
John Wilson,,1
Morgan Allen,morgan.allen560@example.com,1
Jordan Wilson,jordan.wilson561@company.com,2
Sam Walker,sam.walker562@example.com,1
Morgan Walker,morgan.walker563@example.com,2
Jane Lee,jane.lee564@test.org,1
Jordan Hall,jordan.hall565@example.com,1
Pat Wilson,pat.wilson566@company.com,2
Morgan Lee,morgan.lee567@mail.com,1
Pat Smith,pat.smith568@test.org,2
Casey Allen,,2
Alex Lee,,2
Jordan Doe,,2
Jane Wilson,,2
Jane Wilson,jane.wilson573@example.com,2
Casey Walker,casey.walker574@mail.com,1
Jordan King,jordan.king575@company.com,1
Sam Smith,sam.smith576@mail.com,1
Casey Hall,casey.hall577@company.com,2
Pat Walker,pat.walker578@example.com,2
Chris Hall,chris.hall579@mail.com,2
Casey Smith,casey.smith580@company.com,2
Casey Brown,casey.brown581@company.com,2
Alex King,alex.king582@example.com,1
Casey Lee,,1
John Doe,john.doe584@company.com,1
Taylor Doe,taylor.doe585@example.com,2
Taylor Young,taylor.young586@mail.com,1
Jane King,jane.king587@company.com,2
Jane Lee,jane.lee588@test.org,1
Casey Hall,casey.hall589@company.com,2
Jordan Hall,,1
Morgan Walker,morgan.walker591@company.com,1
Jordan Walker,jordan.walker592@example.com,2
Pat Doe,pat.doe593@example.com,1
Alex King,alex.king594@test.org,1
Jane Doe,jane.doe595@example.com,1
Sam Brown,,1
Sam Young,,2
Jane Young,jane.young598@company.com,1
Morgan Young,morgan.young599@test.org,1
Casey Smith,,1
John Lee,john.lee601@company.com,2
John Young,john.young602@test.org,1
Morgan Young,morgan.young603@example.com,2
Casey Allen,casey.allen604@company.com,2
Pat Brown,pat.brown605@company.com,2
Jordan Young,jordan.young606@company.com,2
Morgan Young,morgan.young607@company.com,1
John Brown,john.brown608@test.org,2
Sam Hall,sam.hall609@test.org,1
Alex Brown,alex.brown610@test.org,1
John Allen,john.allen611@test.org,2
Casey Lee,casey.lee612@company.com,2
Casey Lee,casey.lee613@mail.com,1
Jordan Doe,jordan.doe614@mail.com,1
Casey Young,casey.young615@mail.com,1
Taylor Young,taylor.young616@mail.com,2
Alex Doe,alex.doe617@test.org,2
Casey King,casey.king618@mail.com,2
Casey Young,,1
Chris Young,chris.young620@mail.com,2
Chris Smith,chris.smith621@company.com,2
Sam Wilson,sam.wilson622@example.com,2
Jane Smith,jane.smith623@example.com,1
Taylor Walker,,2
Chris Hall,chris.hall625@example.com,2
Chris King,chris.king626@company.com,2
Casey Smith,casey.smith627@mail.com,2
John Young,john.young628@mail.com,1
Morgan Wilson,morgan.wilson629@mail.com,2
Morgan Doe,morgan.doe630@mail.com,2
Chris Hall,,1
Pat Brown,pat.brown632@example.com,2
Jordan Doe,jordan.doe633@company.com,1
Taylor Hall,,2
Jane Walker,jane.walker635@example.com,2
Jordan Wilson,jordan.wilson636@example.com,1
Jordan Wilson,,2
Alex Young,alex.young638@company.com,2
Chris Young,chris.young639@company.com,1
Pat Wilson,pat.wilson640@example.com,1
Casey Young,casey.young641@company.com,1
Pat Allen,pat.allen642@mail.com,1
Sam Lee,sam.lee643@mail.com,1
Alex Young,alex.young644@test.org,1
Chris Brown,chris.brown645@test.org,2
Taylor Smith,,2
Morgan Smith,morgan.smith647@example.com,1
John Lee,john.lee648@test.org,2
Taylor Smith,taylor.smith649@company.com,2
Jordan Allen,jordan.allen650@company.com,1
Casey Wilson,casey.wilson651@company.com,1
Taylor Hall,taylor.hall652@example.com,1
Sam Brown,sam.brown653@company.com,1
Morgan Doe,morgan.doe654@test.org,2
Jane Smith,jane.smith655@test.org,2
Taylor Young,taylor.young656@company.com,2
Jordan Doe,jordan.doe657@example.com,2
Morgan Doe,morgan.doe658@mail.com,1
Pat Hall,,2
Casey Walker,casey.walker660@example.com,1
Casey Young,,2
Sam Walker,sam.walker662@test.org,2
Taylor Hall,,2
Alex King,,2
John King,john.king665@company.com,1
Alex Young,alex.young666@example.com,1
Sam King,,2
Pat Smith,pat.smith668@example.com,2
Pat Young,,1
Sam Walker,sam.walker670@test.org,1
Casey Hall,casey.hall671@example.com,1
Jordan Brown,jordan.brown672@test.org,2
Sam Hall,,1
Jordan Young,jordan.young674@example.com,1
Alex Hall,alex.hall675@example.com,2
Taylor King,,2
Chris Walker,chris.walker677@company.com,1
Casey Young,casey.young678@test.org,1
Pat Wilson,pat.wilson679@test.org,1
Jane King,jane.king680@mail.com,2
Morgan Wilson,morgan.wilson681@company.com,2
Sam Doe,sam.doe682@test.org,1
Taylor King,,1
Casey Allen,casey.allen684@company.com,2
Chris King,chris.king685@company.com,2
John Wilson,john.wilson686@example.com,1
Taylor Doe,taylor.doe687@test.org,1
Jordan King,jordan.king688@test.org,1
Jordan Brown,jordan.brown689@company.com,2
Taylor Walker,taylor.walker690@test.org,2
Morgan Young,,2
Alex Smith,,1
Jane Lee,jane.lee693@test.org,1
Casey Walker,casey.walker694@company.com,2
Sam Young,sam.young695@example.com,1
Pat Smith,pat.smith696@example.com,2
Pat Lee,pat.lee697@mail.com,1
Sam Wilson,sam.wilson698@company.com,2
John Allen,john.allen699@company.com,2
Morgan King,morgan.king700@mail.com,2
Pat Brown,,1
Taylor Walker,taylor.walker702@test.org,2
Jordan King,jordan.king703@mail.com,2
Morgan King,morgan.king704@test.org,1
Pat Doe,pat.doe705@company.com,2
Taylor Brown,taylor.brown706@test.org,1
Taylor Allen,taylor.allen707@test.org,1
John Doe,john.doe708@example.com,2
Jordan Lee,jordan.lee709@mail.com,2
Morgan Wilson,,1
Jane Doe,jane.doe711@example.com,1
Taylor King,taylor.king712@test.org,2
Taylor Allen,taylor.allen713@example.com,2
Jane Doe,jane.doe714@company.com,1
Alex Allen,alex.allen715@mail.com,1
Morgan Doe,,2
Chris Doe,chris.doe717@company.com,1
Pat Wilson,pat.wilson718@test.org,1
Chris Hall,chris.hall719@mail.com,2
Casey Smith,,1
Taylor Young,,2
Jordan Hall,jordan.hall722@example.com,1
Casey Hall,casey.hall723@example.com,1
Casey Wilson,,2
Taylor Allen,taylor.allen725@mail.com,2
Alex King,alex.king726@company.com,1
Jane Lee,jane.lee727@example.com,1
Jane Allen,jane.allen728@mail.com,1
Jane Allen,,2
Sam Brown,sam.brown730@test.org,2
Morgan Brown,morgan.brown731@company.com,2
Morgan Allen,morgan.allen732@example.com,2
Chris Smith,chris.smith733@mail.com,1
Jordan Wilson,jordan.wilson734@test.org,2
Alex Hall,,2
Chris Young,chris.young736@test.org,2
Morgan Allen,morgan.allen737@company.com,1
Morgan Smith,morgan.smith738@test.org,1
Jane Hall,,2
Jane Lee,jane.lee740@test.org,1
Sam Smith,sam.smith741@example.com,1
Jordan Allen,,1
Taylor Brown,taylor.brown743@test.org,1
Alex Walker,,1
Taylor Young,taylor.young745@test.org,1
Jordan Smith,jordan.smith746@company.com,2
Alex Doe,alex.doe747@example.com,2
Casey Smith,casey.smith748@company.com,1
Jordan King,jordan.king749@company.com,1
Chris Lee,,2
Chris Smith,chris.smith751@example.com,1
Jane Hall,jane.hall752@example.com,2
Sam Walker,sam.walker753@company.com,2
Morgan Young,,2
Pat Doe,,2
Sam Walker,sam.walker756@test.org,2
Morgan Doe,morgan.doe757@company.com,1
Morgan Hall,morgan.hall758@test.org,2
Sam Lee,,2
Morgan Young,morgan.young760@mail.com,1
Chris Lee,,1
Jordan Walker,,1
Pat Lee,,2
Pat Wilson,pat.wilson764@mail.com,1
Alex Brown,alex.brown765@example.com,2
Chris Lee,,1
Sam Smith,sam.smith767@test.org,2
Morgan Brown,morgan.brown768@example.com,2
Chris Doe,chris.doe769@test.org,1
John Lee,john.lee770@example.com,1
Pat Young,pat.young771@company.com,2
Sam Wilson,sam.wilson772@company.com,1
Pat Lee,pat.lee773@test.org,2
Casey Brown,casey.brown774@example.com,1
Casey Smith,casey.smith775@company.com,1
Alex Young,alex.young776@test.org,2
Casey Walker,casey.walker777@test.org,2
Alex Doe,alex.doe778@example.com,2
John Allen,john.allen779@example.com,2
Chris Brown,chris.brown780@example.com,2
Pat Doe,pat.doe781@test.org,2
Casey Lee,,1
Jordan Hall,jordan.hall783@test.org,1
John Young,,1
Sam Lee,sam.lee785@company.com,1
Jordan Allen,jordan.allen786@mail.com,2
Chris Smith,,2
Sam Walker,sam.walker788@company.com,1
Casey Doe,casey.doe789@company.com,1
Chris Wilson,chris.wilson790@test.org,2
John Smith,,1
Pat Doe,,2
Chris Doe,chris.doe793@example.com,2
Pat Hall,pat.hall794@test.org,2
Pat Smith,pat.smith795@test.org,2
Morgan Allen,morgan.allen796@example.com,1
Alex Doe,alex.doe797@mail.com,2
John Walker,john.walker798@mail.com,1
Jordan King,jordan.king799@test.org,1
Jordan Doe,jordan.doe800@example.com,2
John Lee,john.lee801@test.org,1
Jordan Brown,,2
Chris Walker,chris.walker803@example.com,1
Taylor Walker,taylor.walker804@mail.com,1
Alex Walker,alex.walker805@mail.com,1
Alex Doe,alex.doe806@mail.com,1
Jane Brown,jane.brown807@test.org,2
John Allen,john.allen808@example.com,1
Alex Doe,alex.doe809@company.com,1
Casey Doe,casey.doe810@test.org,1
Pat Doe,pat.doe811@company.com,2
Jane Lee,jane.lee812@test.org,1
Casey Smith,,1
Jordan King,jordan.king814@example.com,1
John King,john.king815@mail.com,1
Sam Walker,,2
John Wilson,john.wilson817@test.org,1
Jordan Young,jordan.young818@mail.com,1
Jane Doe,jane.doe819@test.org,2
Taylor Brown,taylor.brown820@mail.com,2
Taylor Doe,taylor.doe821@test.org,2
John Hall,john.hall822@mail.com,1
John Smith,john.smith823@company.com,1
Taylor Allen,taylor.allen824@example.com,1
Morgan Hall,morgan.hall825@example.com,2
Morgan Young,morgan.young826@example.com,1
Alex Allen,alex.allen827@company.com,2
Chris Doe,,1
Jane Lee,jane.lee829@test.org,2
Jordan Brown,,2
Casey Smith,casey.smith831@test.org,1
Sam Brown,,1
Alex Allen,alex.allen833@mail.com,1
Jordan Wilson,jordan.wilson834@test.org,1
Pat Young,,1
John King,john.king836@example.com,1
Pat Smith,pat.smith837@company.com,2
Pat Lee,pat.lee838@company.com,2
Taylor Walker,taylor.walker839@example.com,2
Jordan Young,jordan.young840@test.org,1
Casey Doe,casey.doe841@company.com,2
John Hall,,2
Casey Lee,casey.lee843@test.org,1
Casey Hall,casey.hall844@company.com,1
Taylor Young,taylor.young845@test.org,1
Pat Lee,pat.lee846@test.org,2
John Doe,john.doe847@mail.com,1
John Lee,,1
Jane Doe,jane.doe849@example.com,1
Alex Allen,alex.allen850@company.com,1
Morgan King,,2
Taylor Doe,taylor.doe852@mail.com,2
Chris Young,chris.young853@company.com,1
Morgan Walker,morgan.walker854@company.com,2
Alex Allen,alex.allen855@example.com,1
Jordan Walker,jordan.walker856@test.org,1
Morgan Hall,,1
Casey Walker,casey.walker858@test.org,2
Chris Young,,2
Jane Doe,jane.doe860@example.com,1
Taylor King,taylor.king861@company.com,2
John Brown,john.brown862@mail.com,2
Casey Allen,casey.allen863@test.org,1
Sam Walker,sam.walker864@test.org,1
Morgan King,morgan.king865@company.com,1
Sam Allen,sam.allen866@example.com,1
Casey Wilson,,1
Chris Hall,chris.hall868@test.org,1
Jane Doe,jane.doe869@example.com,1
Sam Allen,sam.allen870@company.com,1
Jane Wilson,jane.wilson871@test.org,2
Alex King,alex.king872@example.com,1
Pat Brown,pat.brown873@company.com,1
Jordan Young,jordan.young874@test.org,2
Pat Allen,pat.allen875@mail.com,2
Taylor Brown,,1
John Walker,,2
Casey Lee,,1
Casey Wilson,casey.wilson879@mail.com,1
Jordan Walker,jordan.walker880@mail.com,2
Alex Wilson,alex.wilson881@test.org,1
Taylor Wilson,,2
Casey Walker,casey.walker883@test.org,2
Chris Young,,1
Alex Lee,alex.lee885@example.com,2
Sam Walker,sam.walker886@company.com,2
Jordan Doe,,2
Sam Allen,sam.allen888@example.com,2
John Lee,john.lee889@mail.com,2
Pat Hall,pat.hall890@test.org,2
Pat Walker,,1
Casey Brown,casey.brown892@company.com,1
John Walker,john.walker893@test.org,2
Morgan Hall,,2
Sam Wilson,sam.wilson895@example.com,2
Jordan Doe,jordan.doe896@company.com,2
Chris Lee,,1
Casey Doe,casey.doe898@mail.com,2
Chris Doe,,1
Taylor Lee,taylor.lee900@mail.com,1
Taylor Allen,taylor.allen901@company.com,2
Sam Doe,,1
Jane Allen,jane.allen903@company.com,1
Casey Doe,casey.doe904@test.org,2
Casey Doe,casey.doe905@example.com,2
Alex Lee,,1
Morgan Young,morgan.young907@test.org,2
John King,john.king908@example.com,1
Morgan Smith,,2
John King,john.king910@example.com,2
Jane Hall,jane.hall911@company.com,2
Pat Brown,pat.brown912@mail.com,1
John Walker,john.walker913@example.com,2
Chris Brown,chris.brown914@mail.com,1
Jordan Wilson,,1
Pat Wilson,,1
Jordan Smith,jordan.smith917@mail.com,2
Chris Walker,chris.walker918@company.com,1
Jordan Wilson,jordan.wilson919@company.com,1
John Lee,john.lee920@test.org,2
Pat Lee,pat.lee921@example.com,2
Jane Walker,jane.walker922@company.com,1
Sam Smith,sam.smith923@test.org,2
Casey King,casey.king924@company.com,2
Jordan Doe,jordan.doe925@test.org,2
John Wilson,,2
Taylor Brown,taylor.brown927@company.com,2
Chris Smith,chris.smith928@mail.com,1
Jane Lee,jane.lee929@test.org,2
Jordan Smith,jordan.smith930@example.com,2
Chris Lee,,2
Alex Smith,alex.smith932@company.com,1
Morgan Young,morgan.young933@mail.com,2
Jane Lee,jane.lee934@company.com,2
Pat Allen,pat.allen935@company.com,1
Chris King,chris.king936@mail.com,1
Alex Walker,alex.walker937@company.com,1
Taylor Young,taylor.young938@example.com,2
Chris Brown,,2
Jane King,,2
Jane Walker,jane.walker941@example.com,1
John Brown,john.brown942@example.com,2
Casey King,casey.king943@test.org,1
Jordan Hall,jordan.hall944@company.com,2
Jordan Hall,jordan.hall945@company.com,2
Taylor Hall,taylor.hall946@mail.com,2
Casey Lee,,2
Sam Allen,sam.allen948@test.org,1
Jane Brown,,2
Alex Wilson,alex.wilson950@mail.com,2
Pat Smith,pat.smith951@test.org,2
Jane Lee,,2
Alex King,alex.king953@mail.com,2
Jordan Hall,jordan.hall954@mail.com,2
Morgan Young,,1
John Lee,john.lee956@mail.com,1
Jordan Allen,,1
Pat King,pat.king958@test.org,2
Casey Hall,,1
Taylor Hall,taylor.hall960@mail.com,2
Morgan Doe,morgan.doe961@example.com,2
Taylor Smith,taylor.smith962@company.com,2
Sam Smith,sam.smith963@test.org,1
Taylor Allen,taylor.allen964@example.com,2
Casey Doe,casey.doe965@mail.com,2
Jordan Smith,jordan.smith966@mail.com,1
Jane Smith,jane.smith967@company.com,2
Taylor Doe,,2
Morgan King,,2
John Young,john.young970@mail.com,2
Pat Hall,pat.hall971@test.org,2
Alex Lee,alex.lee972@example.com,2
Jordan Young,,1
Sam Wilson,sam.wilson974@test.org,1
Taylor Brown,taylor.brown975@mail.com,2
Morgan Wilson,morgan.wilson976@company.com,1
Chris Allen,chris.allen977@example.com,1
Sam Allen,sam.allen978@mail.com,1
Alex Smith,,2
Sam Allen,sam.allen980@example.com,1
Pat Doe,pat.doe981@test.org,2
Jane Young,,1
Taylor Brown,taylor.brown983@company.com,2
Morgan Brown,morgan.brown984@example.com,1
Sam Lee,,2
Morgan Doe,morgan.doe986@example.com,1
Chris Brown,chris.brown987@company.com,1
John Lee,john.lee988@company.com,1
Alex Allen,alex.allen989@test.org,2
Pat Smith,pat.smith990@mail.com,2
Casey Allen,,1
Jane Doe,jane.doe992@company.com,2
Morgan Hall,morgan.hall993@mail.com,2
Taylor Wilson,taylor.wilson994@test.org,1
John Brown,john.brown995@example.com,2
Jordan Doe,jordan.doe996@mail.com,1
Morgan Smith,morgan.smith997@company.com,1
John King,john.king998@example.com,2
Pat Allen,pat.allen999@test.org,1
John Lee,john.lee1000@company.com,2
Pat Allen,,1
John King,,2
Taylor Doe,,1
Alex Brown,alex.brown1004@company.com,2
Chris Allen,,2
Chris Doe,chris.doe1006@test.org,2
Jane Allen,jane.allen1007@company.com,2
Pat Young,,2
Alex Walker,alex.walker1009@test.org,2
Pat King,,1
Jane Hall,jane.hall1011@company.com,2
Taylor Wilson,taylor.wilson1012@test.org,1
Taylor Hall,,1
Pat Young,pat.young1014@mail.com,1
Taylor King,taylor.king1015@test.org,1
Jordan Hall,jordan.hall1016@mail.com,1
Jane Lee,jane.lee1017@example.com,2
Casey Smith,,2
Pat Young,pat.young1019@mail.com,2
Sam Brown,sam.brown1020@mail.com,2
Taylor Smith,taylor.smith1021@mail.com,1
Morgan Lee,morgan.lee1022@mail.com,2
John King,,1
Chris Walker,chris.walker1024@mail.com,1
Casey Young,,1
John Smith,john.smith1026@test.org,2
Jordan Allen,jordan.allen1027@example.com,2
John Walker,john.walker1028@test.org,1
Casey Wilson,casey.wilson1029@test.org,2
Sam Lee,sam.lee1030@mail.com,2
Chris Smith,,2
Casey Doe,casey.doe1032@mail.com,2
Sam Brown,sam.brown1033@example.com,1
Alex Wilson,alex.wilson1034@example.com,2
Jordan Walker,jordan.walker1035@company.com,1
John Brown,,2
Sam Smith,sam.smith1037@mail.com,2
Pat Lee,pat.lee1038@company.com,2
John Allen,john.allen1039@mail.com,2
Taylor Walker,taylor.walker1040@mail.com,1
John Hall,john.hall1041@mail.com,2
Chris Wilson,,1
Alex Allen,alex.allen1043@mail.com,2
Taylor Young,taylor.young1044@company.com,2
John Brown,john.brown1045@example.com,1
Chris Young,chris.young1046@company.com,2
John Brown,john.brown1047@test.org,2
Chris Walker,,2
Alex Walker,alex.walker1049@example.com,1
John Lee,john.lee1050@company.com,2
Morgan Brown,,2
Jordan Young,jordan.young1052@example.com,1
Chris Wilson,,1
Casey Wilson,casey.wilson1054@company.com,2
Taylor Doe,taylor.doe1055@mail.com,2
Pat Smith,pat.smith1056@mail.com,1
Alex Hall,alex.hall1057@example.com,2
Sam King,sam.king1058@company.com,1
Jane Young,,1
Jane Wilson,jane.wilson1060@mail.com,2
Chris Lee,,1
Casey King,casey.king1062@test.org,2
Jane Walker,jane.walker1063@mail.com,1
Casey Allen,casey.allen1064@test.org,2
Sam Smith,sam.smith1065@test.org,2
Morgan Hall,morgan.hall1066@test.org,1
Taylor Doe,taylor.doe1067@test.org,2
Alex Lee,alex.lee1068@test.org,2
Sam Lee,sam.lee1069@example.com,1
Jane Doe,jane.doe1070@test.org,1
Jordan Allen,jordan.allen1071@company.com,1
Sam Hall,,2
Morgan Allen,morgan.allen1073@example.com,1
Sam Smith,sam.smith1074@test.org,1
Chris Allen,chris.allen1075@example.com,1
Morgan King,morgan.king1076@mail.com,1
Taylor Walker,taylor.walker1077@example.com,2
Sam Lee,sam.lee1078@company.com,2
John Hall,john.hall1079@example.com,1
Taylor Doe,taylor.doe1080@company.com,1
Taylor Allen,taylor.allen1081@example.com,2
Pat Brown,pat.brown1082@example.com,2
John Young,john.young1083@example.com,1
Chris Walker,chris.walker1084@example.com,1
Chris Wilson,chris.wilson1085@mail.com,1
Sam Doe,sam.doe1086@test.org,1
John Smith,john.smith1087@mail.com,2
Taylor Doe,taylor.doe1088@test.org,2
Morgan Wilson,morgan.wilson1089@example.com,2
Taylor King,taylor.king1090@test.org,2
Pat Young,pat.young1091@company.com,1
Sam Lee,sam.lee1092@company.com,1
Sam King,sam.king1093@example.com,2
Casey Lee,,2
Casey Hall,casey.hall1095@mail.com,2
Jordan Wilson,jordan.wilson1096@mail.com,1
Jordan Wilson,jordan.wilson1097@company.com,1
Jane Allen,jane.allen1098@test.org,2
Chris Wilson,chris.wilson1099@company.com,1
Jordan Young,jordan.young1100@mail.com,1
Jordan Brown,jordan.brown1101@mail.com,2
Sam Doe,sam.doe1102@company.com,2
Chris Young,chris.young1103@company.com,1
Casey Allen,casey.allen1104@mail.com,1
Casey Hall,casey.hall1105@company.com,1
Sam Walker,sam.walker1106@mail.com,1
John Smith,,2
Alex Young,alex.young1108@test.org,2
Chris Lee,chris.lee1109@test.org,1
Sam Smith,,1
Sam Brown,sam.brown1111@mail.com,2
John Lee,john.lee1112@test.org,1
Pat Walker,,1
Jane Wilson,jane.wilson1114@test.org,1
Pat Hall,pat.hall1115@mail.com,1
Sam Doe,sam.doe1116@example.com,1
Casey Hall,casey.hall1117@mail.com,2
Alex Allen,,2
Casey Wilson,casey.wilson1119@mail.com,2
Casey Doe,casey.doe1120@example.com,1
Pat Brown,pat.brown1121@company.com,1
Alex Doe,,1
Sam Hall,sam.hall1123@example.com,2
Chris King,chris.king1124@mail.com,2
Jane Smith,,2
Jane Smith,jane.smith1126@company.com,2
Taylor Young,taylor.young1127@mail.com,2
Sam Hall,sam.hall1128@mail.com,1
Sam Brown,sam.brown1129@test.org,1
Chris King,chris.king1130@company.com,1
Chris Brown,,1
Taylor Hall,taylor.hall1132@mail.com,2
Jordan Walker,,2
Alex Doe,alex.doe1134@company.com,2
Alex Allen,alex.allen1135@test.org,2
Chris Lee,chris.lee1136@mail.com,2
John Young,john.young1137@test.org,1
John Lee,john.lee1138@mail.com,1
Taylor King,taylor.king1139@mail.com,1
Casey Allen,casey.allen1140@mail.com,1
Alex Young,alex.young1141@mail.com,2
Pat Doe,pat.doe1142@test.org,1
John Young,john.young1143@mail.com,2
Pat Young,pat.young1144@mail.com,1
Taylor Lee,taylor.lee1145@test.org,1
Jane Lee,jane.lee1146@example.com,1
Jane Walker,jane.walker1147@mail.com,1
Taylor Walker,taylor.walker1148@mail.com,2
Pat Walker,pat.walker1149@test.org,1
Morgan Brown,morgan.brown1150@mail.com,1
Jordan Brown,jordan.brown1151@test.org,2
Jane Smith,jane.smith1152@test.org,1
Pat King,pat.king1153@mail.com,1
Pat Hall,pat.hall1154@mail.com,2
Taylor Young,taylor.young1155@mail.com,2
Jane Doe,,2
Sam Lee,sam.lee1157@test.org,2
Morgan Brown,morgan.brown1158@company.com,1
Alex Hall,alex.hall1159@mail.com,1
Jane Smith,jane.smith1160@company.com,2
John Lee,john.lee1161@test.org,1
Jordan Allen,jordan.allen1162@company.com,2
Jordan Young,jordan.young1163@test.org,2
Jane Allen,,2
Chris Brown,chris.brown1165@company.com,1
Morgan Walker,,2
Morgan Young,morgan.young1167@test.org,2
Jordan Wilson,jordan.wilson1168@company.com,1
Alex Smith,alex.smith1169@test.org,1
Taylor Brown,taylor.brown1170@test.org,1
Casey Hall,casey.hall1171@example.com,2
Chris Walker,chris.walker1172@example.com,1
Morgan Walker,,2
Taylor Walker,taylor.walker1174@example.com,2
Casey Hall,casey.hall1175@example.com,2
Pat King,pat.king1176@company.com,1
Taylor Hall,taylor.hall1177@company.com,1
Pat Young,pat.young1178@company.com,2
John Wilson,john.wilson1179@example.com,1
Taylor Doe,taylor.doe1180@test.org,1
Jane Allen,,1
Alex Young,,2
Alex Smith,alex.smith1183@company.com,2
Sam Brown,,2
Pat Wilson,,1
Taylor Young,,1
Pat Smith,,1
Alex Doe,alex.doe1188@company.com,1
Chris Smith,chris.smith1189@example.com,1
Taylor King,taylor.king1190@example.com,2
Alex Walker,alex.walker1191@example.com,2
Sam Hall,sam.hall1192@example.com,1
Casey Wilson,,1
Jordan Smith,,1
Pat Wilson,pat.wilson1195@company.com,1
Jane Allen,jane.allen1196@example.com,2
Jordan Doe,jordan.doe1197@test.org,2
Jordan Allen,jordan.allen1198@mail.com,1
Jordan Brown,jordan.brown1199@mail.com,2
